year,genre,count
1910,Action,1
1910,Adventure,12
1910,Animation,23
1910,Comedy,123
1910,Crime,6
1910,Documentary,81
1910,Drama,139
1910,Family,2
1910,Fantasy,26
1910,History,21
1910,Horror,27
1910,Music,3
1910,Mystery,2
1910,Romance,31
1910,Science Fiction,4
1910,Thriller,5
1910,War,8
1910,Western,79
1911,Action,5
1911,Adventure,15
1911,Animation,11
1911,Comedy,173
1911,Crime,16
1911,Documentary,76
1911,Drama,245
1911,Family,4
1911,Fantasy,18
1911,History,20
1911,Horror,25
1911,Music,3
1911,Mystery,5
1911,Romance,55
1911,Science Fiction,5
1911,Thriller,10
1911,War,13
1911,Western,91
1912,Action,7
1912,Adventure,22
1912,Animation,17
1912,Comedy,276
1912,Crime,26
1912,Documentary,82
1912,Drama,365
1912,Family,6
1912,Fantasy,17
1912,History,24
1912,Horror,25
1912,Mystery,6
1912,Romance,85
1912,Science Fiction,5
1912,Thriller,13
1912,War,6
1912,Western,140
1913,Action,12
1913,Adventure,20
1913,Animation,20
1913,Comedy,317
1913,Crime,41
1913,Documentary,84
1913,Drama,456
1913,Family,3
1913,Fantasy,20
1913,History,26
1913,Horror,21
1913,Music,4
1913,Mystery,7
1913,Romance,69
1913,Science Fiction,6
1913,Thriller,15
1913,War,19
1913,Western,126
1914,Action,11
1914,Adventure,40
1914,Animation,13
1914,Comedy,420
1914,Crime,45
1914,Documentary,58
1914,Drama,511
1914,Family,5
1914,Fantasy,11
1914,History,19
1914,Horror,34
1914,Music,1
1914,Mystery,18
1914,Romance,70
1914,Science Fiction,4
1914,Thriller,18
1914,War,30
1914,Western,140
1915,Action,21
1915,Adventure,33
1915,Animation,30
1915,Comedy,307
1915,Crime,50
1915,Documentary,52
1915,Drama,477
1915,Family,1
1915,Fantasy,10
1915,History,18
1915,Horror,29
1915,Music,1
1915,Mystery,17
1915,Romance,66
1915,Science Fiction,6
1915,Thriller,60
1915,War,39
1915,Western,134
1916,Action,24
1916,Adventure,36
1916,Animation,61
1916,Comedy,293
1916,Crime,50
1916,Documentary,40
1916,Drama,529
1916,Family,2
1916,Fantasy,14
1916,History,15
1916,Horror,34
1916,Mystery,19
1916,Romance,51
1916,Science Fiction,18
1916,Thriller,64
1916,War,28
1916,Western,88
1917,Action,15
1917,Adventure,37
1917,Animation,42
1917,Comedy,272
1917,Crime,47
1917,Documentary,41
1917,Drama,509
1917,Family,7
1917,Fantasy,20
1917,History,17
1917,Horror,21
1917,Music,1
1917,Mystery,30
1917,Romance,69
1917,Science Fiction,3
1917,Thriller,18
1917,War,38
1917,Western,80
1918,Action,16
1918,Adventure,31
1918,Animation,38
1918,Comedy,241
1918,Crime,27
1918,Documentary,42
1918,Drama,455
1918,Family,3
1918,Fantasy,12
1918,History,22
1918,Horror,16
1918,Mystery,18
1918,Romance,76
1918,Science Fiction,7
1918,Thriller,4
1918,War,68
1918,Western,63
1919,Action,26
1919,Adventure,45
1919,Animation,41
1919,Comedy,277
1919,Crime,44
1919,Documentary,40
1919,Drama,407
1919,Family,1
1919,Fantasy,11
1919,History,16
1919,Horror,29
1919,Music,1
1919,Mystery,25
1919,Romance,82
1919,Science Fiction,5
1919,Thriller,4
1919,War,17
1919,Western,111
1920,Action,27
1920,Adventure,51
1920,Animation,76
1920,Comedy,270
1920,Crime,48
1920,Documentary,67
1920,Drama,431
1920,Family,6
1920,Fantasy,14
1920,History,18
1920,Horror,34
1920,Mystery,22
1920,Romance,67
1920,Science Fiction,9
1920,Thriller,9
1920,War,5
1920,Western,99
1921,Action,28
1921,Adventure,56
1921,Animation,64
1921,Comedy,237
1921,Crime,57
1921,Documentary,39
1921,Drama,374
1921,Family,8
1921,Fantasy,28
1921,History,14
1921,Horror,30
1921,Music,2
1921,Mystery,49
1921,Romance,86
1921,Science Fiction,6
1921,Thriller,8
1921,War,4
1921,Western,101
1922,Action,25
1922,Adventure,50
1922,Animation,87
1922,Comedy,204
1922,Crime,52
1922,Documentary,88
1922,Drama,363
1922,Family,13
1922,Fantasy,16
1922,History,25
1922,Horror,17
1922,Music,1
1922,Mystery,28
1922,Romance,99
1922,Science Fiction,3
1922,Thriller,5
1922,War,5
1922,Western,88
1923,Action,29
1923,Adventure,44
1923,Animation,75
1923,Comedy,234
1923,Crime,57
1923,Documentary,61
1923,Drama,402
1923,Family,14
1923,Fantasy,18
1923,History,26
1923,Horror,20
1923,Music,2
1923,Mystery,29
1923,Romance,83
1923,Science Fiction,4
1923,Thriller,4
1923,War,6
1923,Western,66
1924,Action,35
1924,Adventure,48
1924,Animation,82
1924,Comedy,275
1924,Crime,32
1924,Documentary,67
1924,Drama,394
1924,Family,13
1924,Fantasy,17
1924,History,23
1924,Horror,21
1924,Music,1
1924,Mystery,13
1924,Romance,97
1924,Science Fiction,9
1924,Thriller,4
1924,War,5
1924,Western,93
1925,Action,32
1925,Adventure,57
1925,Animation,110
1925,Comedy,322
1925,Crime,27
1925,Documentary,80
1925,Drama,403
1925,Family,12
1925,Fantasy,17
1925,History,23
1925,Horror,15
1925,Music,1
1925,Mystery,6
1925,Romance,103
1925,Science Fiction,8
1925,Thriller,10
1925,War,13
1925,Western,122
1926,Action,54
1926,Adventure,90
1926,Animation,126
1926,Comedy,397
1926,Crime,40
1926,Documentary,107
1926,Drama,410
1926,Family,6
1926,Fantasy,15
1926,History,26
1926,Horror,22
1926,Music,21
1926,Mystery,14
1926,Romance,165
1926,Science Fiction,3
1926,Thriller,13
1926,War,27
1926,Western,119
1927,Action,50
1927,Adventure,62
1927,Animation,130
1927,Comedy,394
1927,Crime,38
1927,Documentary,85
1927,Drama,469
1927,Family,4
1927,Fantasy,15
1927,History,31
1927,Horror,15
1927,Music,14
1927,Mystery,16
1927,Romance,157
1927,Science Fiction,4
1927,Thriller,7
1927,War,34
1927,Western,87
1928,Action,51
1928,Adventure,67
1928,Animation,126
1928,Comedy,415
1928,Crime,55
1928,Documentary,111
1928,Drama,502
1928,Family,5
1928,Fantasy,11
1928,History,35
1928,Horror,21
1928,Music,27
1928,Mystery,20
1928,Romance,155
1928,Science Fiction,2
1928,Thriller,11
1928,War,37
1928,Western,74
1929,Action,49
1929,Adventure,57
1929,Animation,134
1929,Comedy,376
1929,Crime,94
1929,Documentary,154
1929,Drama,516
1929,Family,16
1929,Fantasy,14
1929,History,27
1929,Horror,29
1929,Music,111
1929,Mystery,39
1929,Romance,156
1929,Science Fiction,7
1929,Thriller,21
1929,War,20
1929,Western,69
1930,Action,46
1930,Adventure,54
1930,Animation,204
1930,Comedy,462
1930,Crime,101
1930,Documentary,129
1930,Drama,464
1930,Family,10
1930,Fantasy,15
1930,History,19
1930,Horror,14
1930,Music,196
1930,Mystery,32
1930,Romance,213
1930,Science Fiction,4
1930,TV Movie,1
1930,Thriller,10
1930,War,32
1930,Western,78
1931,Action,39
1931,Adventure,37
1931,Animation,208
1931,Comedy,520
1931,Crime,130
1931,Documentary,106
1931,Drama,508
1931,Family,11
1931,Fantasy,13
1931,History,26
1931,Horror,20
1931,Music,93
1931,Mystery,46
1931,Romance,194
1931,Science Fiction,3
1931,Thriller,20
1931,War,28
1931,Western,67
1932,Action,57
1932,Adventure,61
1932,Animation,248
1932,Comedy,502
1932,Crime,132
1932,Documentary,121
1932,Drama,500
1932,Family,17
1932,Fantasy,25
1932,History,21
1932,Horror,38
1932,Music,100
1932,Mystery,70
1932,Romance,189
1932,Science Fiction,8
1932,Thriller,27
1932,War,23
1932,Western,103
1933,Action,49
1933,Adventure,52
1933,Animation,226
1933,Comedy,571
1933,Crime,105
1933,Documentary,117
1933,Drama,473
1933,Family,21
1933,Fantasy,24
1933,History,25
1933,Horror,30
1933,Music,136
1933,Mystery,56
1933,Romance,186
1933,Science Fiction,9
1933,Thriller,22
1933,War,30
1933,Western,67
1934,Action,51
1934,Adventure,66
1934,Animation,220
1934,Comedy,603
1934,Crime,97
1934,Documentary,105
1934,Drama,506
1934,Family,29
1934,Fantasy,20
1934,History,31
1934,Horror,27
1934,Music,136
1934,Mystery,67
1934,Romance,206
1934,Science Fiction,9
1934,Thriller,28
1934,War,26
1934,Western,72
1935,Action,84
1935,Adventure,71
1935,Animation,223
1935,Comedy,595
1935,Crime,120
1935,Documentary,124
1935,Drama,496
1935,Family,37
1935,Fantasy,25
1935,History,52
1935,Horror,23
1935,Music,145
1935,Mystery,64
1935,Romance,256
1935,Science Fiction,13
1935,Thriller,31
1935,War,22
1935,Western,133
1936,Action,70
1936,Adventure,73
1936,Animation,225
1936,Comedy,578
1936,Crime,142
1936,Documentary,135
1936,Drama,556
1936,Family,47
1936,Fantasy,20
1936,History,56
1936,Horror,31
1936,Music,154
1936,Mystery,67
1936,Romance,209
1936,Science Fiction,13
1936,Thriller,34
1936,War,25
1936,Western,132
1937,Action,88
1937,Adventure,94
1937,Animation,214
1937,Comedy,597
1937,Crime,141
1937,Documentary,178
1937,Drama,569
1937,Family,63
1937,Fantasy,20
1937,History,64
1937,Horror,29
1937,Music,136
1937,Mystery,67
1937,Romance,258
1937,Science Fiction,9
1937,TV Movie,2
1937,Thriller,30
1937,War,42
1937,Western,123
1938,Action,79
1938,Adventure,96
1938,Animation,227
1938,Comedy,579
1938,Crime,147
1938,Documentary,164
1938,Drama,568
1938,Family,48
1938,Fantasy,14
1938,History,67
1938,Horror,15
1938,Music,137
1938,Mystery,67
1938,Romance,243
1938,Science Fiction,11
1938,TV Movie,2
1938,Thriller,23
1938,War,44
1938,Western,105
1939,Action,89
1939,Adventure,84
1939,Animation,204
1939,Comedy,509
1939,Crime,170
1939,Documentary,161
1939,Drama,612
1939,Family,44
1939,Fantasy,7
1939,History,67
1939,Horror,37
1939,Music,115
1939,Mystery,69
1939,Romance,176
1939,Science Fiction,11
1939,TV Movie,3
1939,Thriller,38
1939,War,55
1939,Western,123
1940,Action,66
1940,Adventure,93
1940,Animation,206
1940,Comedy,561
1940,Crime,115
1940,Documentary,149
1940,Drama,506
1940,Family,54
1940,Fantasy,27
1940,History,50
1940,Horror,29
1940,Music,125
1940,Mystery,62
1940,Romance,178
1940,Science Fiction,17
1940,Thriller,34
1940,War,55
1940,Western,136
1941,Action,53
1941,Adventure,62
1941,Animation,202
1941,Comedy,558
1941,Crime,94
1941,Documentary,129
1941,Drama,484
1941,Family,49
1941,Fantasy,18
1941,History,47
1941,Horror,26
1941,Music,137
1941,Mystery,60
1941,Romance,205
1941,Science Fiction,6
1941,Thriller,35
1941,War,89
1941,Western,132
1942,Action,66
1942,Adventure,67
1942,Animation,210
1942,Comedy,497
1942,Crime,105
1942,Documentary,175
1942,Drama,484
1942,Family,38
1942,Fantasy,22
1942,History,55
1942,Horror,26
1942,Music,136
1942,Mystery,76
1942,Romance,173
1942,Science Fiction,7
1942,TV Movie,2
1942,Thriller,52
1942,War,157
1942,Western,126
1943,Action,57
1943,Adventure,54
1943,Animation,181
1943,Comedy,462
1943,Crime,68
1943,Documentary,223
1943,Drama,475
1943,Family,26
1943,Fantasy,19
1943,History,51
1943,Horror,23
1943,Music,156
1943,Mystery,49
1943,Romance,149
1943,Science Fiction,4
1943,TV Movie,1
1943,Thriller,41
1943,War,197
1943,Western,105
1944,Action,39
1944,Adventure,37
1944,Animation,197
1944,Comedy,389
1944,Crime,76
1944,Documentary,222
1944,Drama,382
1944,Family,34
1944,Fantasy,30
1944,History,37
1944,Horror,26
1944,Music,164
1944,Mystery,65
1944,Romance,142
1944,Science Fiction,7
1944,TV Movie,1
1944,Thriller,39
1944,War,186
1944,Western,104
1945,Action,48
1945,Adventure,39
1945,Animation,170
1945,Comedy,326
1945,Crime,81
1945,Documentary,289
1945,Drama,361
1945,Family,24
1945,Fantasy,21
1945,History,39
1945,Horror,25
1945,Music,141
1945,Mystery,70
1945,Romance,120
1945,Science Fiction,9
1945,Thriller,52
1945,War,131
1945,Western,94
1946,Action,48
1946,Adventure,52
1946,Animation,173
1946,Comedy,333
1946,Crime,119
1946,Documentary,209
1946,Drama,443
1946,Family,36
1946,Fantasy,23
1946,History,38
1946,Horror,26
1946,Music,135
1946,Mystery,84
1946,Romance,141
1946,Science Fiction,6
1946,TV Movie,4
1946,Thriller,71
1946,War,71
1946,Western,103
1947,Action,41
1947,Adventure,69
1947,Animation,178
1947,Comedy,345
1947,Crime,126
1947,Documentary,216
1947,Drama,522
1947,Family,46
1947,Fantasy,35
1947,History,34
1947,Horror,20
1947,Music,118
1947,Mystery,79
1947,Romance,155
1947,Science Fiction,2
1947,TV Movie,2
1947,Thriller,63
1947,War,37
1947,Western,104
1948,Action,57
1948,Adventure,58
1948,Animation,200
1948,Comedy,380
1948,Crime,128
1948,Documentary,246
1948,Drama,541
1948,Family,37
1948,Fantasy,26
1948,History,44
1948,Horror,21
1948,Music,100
1948,Mystery,54
1948,Romance,170
1948,Science Fiction,10
1948,TV Movie,4
1948,Thriller,75
1948,War,39
1948,Western,124
1949,Action,74
1949,Adventure,81
1949,Animation,185
1949,Comedy,435
1949,Crime,141
1949,Documentary,290
1949,Drama,599
1949,Family,39
1949,Fantasy,34
1949,History,52
1949,Horror,34
1949,Music,116
1949,Mystery,45
1949,Romance,153
1949,Science Fiction,7
1949,TV Movie,8
1949,Thriller,67
1949,War,54
1949,Western,129
1950,Action,71
1950,Adventure,90
1950,Animation,186
1950,Comedy,443
1950,Crime,182
1950,Documentary,300
1950,Drama,626
1950,Family,61
1950,Fantasy,27
1950,History,36
1950,Horror,26
1950,Music,82
1950,Mystery,41
1950,Romance,138
1950,Science Fiction,7
1950,TV Movie,10
1950,Thriller,66
1950,War,45
1950,Western,141
1951,Action,65
1951,Adventure,86
1951,Animation,201
1951,Comedy,472
1951,Crime,145
1951,Documentary,335
1951,Drama,667
1951,Family,63
1951,Fantasy,32
1951,History,66
1951,Horror,25
1951,Music,127
1951,Mystery,38
1951,Romance,169
1951,Science Fiction,21
1951,TV Movie,4
1951,Thriller,68
1951,War,62
1951,Western,119
1952,Action,53
1952,Adventure,115
1952,Animation,185
1952,Comedy,479
1952,Crime,118
1952,Documentary,312
1952,Drama,694
1952,Family,66
1952,Fantasy,35
1952,History,57
1952,Horror,22
1952,Music,117
1952,Mystery,32
1952,Romance,198
1952,Science Fiction,16
1952,TV Movie,4
1952,Thriller,65
1952,War,54
1952,Western,119
1953,Action,73
1953,Adventure,130
1953,Animation,203
1953,Comedy,480
1953,Crime,150
1953,Documentary,238
1953,Drama,724
1953,Family,92
1953,Fantasy,37
1953,History,73
1953,Horror,40
1953,Music,131
1953,Mystery,37
1953,Romance,202
1953,Science Fiction,31
1953,TV Movie,11
1953,Thriller,76
1953,War,65
1953,Western,98
1954,Action,65
1954,Adventure,120
1954,Animation,186
1954,Comedy,493
1954,Crime,142
1954,Documentary,265
1954,Drama,750
1954,Family,75
1954,Fantasy,57
1954,History,59
1954,Horror,42
1954,Music,113
1954,Mystery,39
1954,Romance,204
1954,Science Fiction,27
1954,TV Movie,25
1954,Thriller,74
1954,War,58
1954,Western,84
1955,Action,66
1955,Adventure,130
1955,Animation,191
1955,Comedy,502
1955,Crime,173
1955,Documentary,267
1955,Drama,839
1955,Family,99
1955,Fantasy,61
1955,History,73
1955,Horror,36
1955,Music,136
1955,Mystery,44
1955,Romance,250
1955,Science Fiction,27
1955,TV Movie,41
1955,Thriller,73
1955,War,73
1955,Western,76
1956,Action,79
1956,Adventure,95
1956,Animation,207
1956,Comedy,523
1956,Crime,159
1956,Documentary,246
1956,Drama,868
1956,Family,113
1956,Fantasy,45
1956,History,73
1956,Horror,53
1956,Music,152
1956,Mystery,51
1956,Romance,227
1956,Science Fiction,37
1956,TV Movie,25
1956,Thriller,92
1956,War,72
1956,Western,92
1957,Action,76
1957,Adventure,99
1957,Animation,203
1957,Comedy,541
1957,Crime,199
1957,Documentary,245
1957,Drama,967
1957,Family,109
1957,Fantasy,56
1957,History,71
1957,Horror,84
1957,Music,135
1957,Mystery,55
1957,Romance,223
1957,Science Fiction,52
1957,TV Movie,37
1957,Thriller,84
1957,War,81
1957,Western,87
1958,Action,108
1958,Adventure,139
1958,Animation,193
1958,Comedy,572
1958,Crime,196
1958,Documentary,240
1958,Drama,963
1958,Family,106
1958,Fantasy,48
1958,History,79
1958,Horror,86
1958,Music,133
1958,Mystery,61
1958,Romance,241
1958,Science Fiction,57
1958,TV Movie,42
1958,Thriller,88
1958,War,117
1958,Western,72
1959,Action,109
1959,Adventure,140
1959,Animation,208
1959,Comedy,559
1959,Crime,189
1959,Documentary,250
1959,Drama,916
1959,Family,122
1959,Fantasy,58
1959,History,91
1959,Horror,84
1959,Music,120
1959,Mystery,63
1959,Romance,209
1959,Science Fiction,50
1959,TV Movie,54
1959,Thriller,100
1959,War,125
1959,Western,56
1960,Action,123
1960,Adventure,119
1960,Animation,224
1960,Comedy,549
1960,Crime,229
1960,Documentary,286
1960,Drama,1008
1960,Family,123
1960,Fantasy,68
1960,History,76
1960,Horror,85
1960,Music,118
1960,Mystery,54
1960,Romance,217
1960,Science Fiction,30
1960,TV Movie,55
1960,Thriller,92
1960,War,107
1960,Western,58
1961,Action,136
1961,Adventure,156
1961,Animation,214
1961,Comedy,613
1961,Crime,210
1961,Documentary,302
1961,Drama,1020
1961,Family,124
1961,Fantasy,70
1961,History,103
1961,Horror,80
1961,Music,118
1961,Mystery,75
1961,Romance,208
1961,Science Fiction,31
1961,TV Movie,49
1961,Thriller,88
1961,War,96
1961,Western,51
1962,Action,125
1962,Adventure,165
1962,Animation,217
1962,Comedy,656
1962,Crime,188
1962,Documentary,305
1962,Drama,1026
1962,Family,111
1962,Fantasy,59
1962,History,105
1962,Horror,87
1962,Music,132
1962,Mystery,69
1962,Romance,212
1962,Science Fiction,48
1962,TV Movie,53
1962,Thriller,86
1962,War,100
1962,Western,50
1963,Action,134
1963,Adventure,147
1963,Animation,220
1963,Comedy,631
1963,Crime,208
1963,Documentary,357
1963,Drama,1008
1963,Family,121
1963,Fantasy,72
1963,History,82
1963,Horror,98
1963,Music,149
1963,Mystery,57
1963,Romance,197
1963,Science Fiction,39
1963,TV Movie,60
1963,Thriller,91
1963,War,87
1963,Western,37
1964,Action,157
1964,Adventure,172
1964,Animation,231
1964,Comedy,672
1964,Crime,192
1964,Documentary,433
1964,Drama,1058
1964,Family,101
1964,Fantasy,74
1964,History,101
1964,Horror,104
1964,Music,169
1964,Mystery,68
1964,Romance,206
1964,Science Fiction,51
1964,TV Movie,82
1964,Thriller,131
1964,War,105
1964,Western,79
1965,Action,187
1965,Adventure,164
1965,Animation,257
1965,Comedy,663
1965,Crime,192
1965,Documentary,446
1965,Drama,1104
1965,Family,101
1965,Fantasy,74
1965,History,98
1965,Horror,102
1965,Music,165
1965,Mystery,65
1965,Romance,243
1965,Science Fiction,80
1965,TV Movie,108
1965,Thriller,119
1965,War,107
1965,Western,103
1966,Action,235
1966,Adventure,179
1966,Animation,242
1966,Comedy,638
1966,Crime,251
1966,Documentary,460
1966,Drama,1092
1966,Family,121
1966,Fantasy,87
1966,History,82
1966,Horror,98
1966,Music,173
1966,Mystery,64
1966,Romance,258
1966,Science Fiction,85
1966,TV Movie,119
1966,Thriller,117
1966,War,106
1966,Western,123
1967,Action,248
1967,Adventure,225
1967,Animation,294
1967,Comedy,701
1967,Crime,276
1967,Documentary,506
1967,Drama,1199
1967,Family,140
1967,Fantasy,74
1967,History,76
1967,Horror,128
1967,Music,205
1967,Mystery,72
1967,Romance,249
1967,Science Fiction,95
1967,TV Movie,135
1967,Thriller,148
1967,War,121
1967,Western,126
1968,Action,233
1968,Adventure,197
1968,Animation,265
1968,Comedy,717
1968,Crime,275
1968,Documentary,545
1968,Drama,1314
1968,Family,151
1968,Fantasy,96
1968,History,100
1968,Horror,143
1968,Music,193
1968,Mystery,71
1968,Romance,261
1968,Science Fiction,70
1968,TV Movie,153
1968,Thriller,139
1968,War,117
1968,Western,127
1969,Action,268
1969,Adventure,183
1969,Animation,245
1969,Comedy,725
1969,Crime,277
1969,Documentary,567
1969,Drama,1447
1969,Family,152
1969,Fantasy,88
1969,History,101
1969,Horror,166
1969,Music,193
1969,Mystery,78
1969,Romance,253
1969,Science Fiction,71
1969,TV Movie,159
1969,Thriller,164
1969,War,116
1969,Western,102
1970,Action,236
1970,Adventure,200
1970,Animation,266
1970,Comedy,774
1970,Crime,259
1970,Documentary,615
1970,Drama,1435
1970,Family,169
1970,Fantasy,110
1970,History,101
1970,Horror,166
1970,Music,207
1970,Mystery,73
1970,Romance,261
1970,Science Fiction,73
1970,TV Movie,215
1970,Thriller,148
1970,War,127
1970,Western,99
1971,Action,257
1971,Adventure,172
1971,Animation,274
1971,Comedy,744
1971,Crime,246
1971,Documentary,590
1971,Drama,1405
1971,Family,175
1971,Fantasy,110
1971,History,117
1971,Horror,213
1971,Music,144
1971,Mystery,85
1971,Romance,241
1971,Science Fiction,71
1971,TV Movie,217
1971,Thriller,166
1971,War,110
1971,Western,131
1972,Action,301
1972,Adventure,201
1972,Animation,290
1972,Comedy,797
1972,Crime,279
1972,Documentary,570
1972,Drama,1429
1972,Family,200
1972,Fantasy,116
1972,History,106
1972,Horror,259
1972,Music,175
1972,Mystery,125
1972,Romance,246
1972,Science Fiction,80
1972,TV Movie,252
1972,Thriller,221
1972,War,79
1972,Western,119
1973,Action,377
1973,Adventure,183
1973,Animation,287
1973,Comedy,752
1973,Crime,334
1973,Documentary,550
1973,Drama,1425
1973,Family,203
1973,Fantasy,122
1973,History,97
1973,Horror,259
1973,Music,166
1973,Mystery,101
1973,Romance,213
1973,Science Fiction,86
1973,TV Movie,308
1973,Thriller,235
1973,War,65
1973,Western,81
1974,Action,363
1974,Adventure,169
1974,Animation,295
1974,Comedy,753
1974,Crime,303
1974,Documentary,604
1974,Drama,1455
1974,Family,206
1974,Fantasy,121
1974,History,99
1974,Horror,247
1974,Music,151
1974,Mystery,102
1974,Romance,234
1974,Science Fiction,77
1974,TV Movie,350
1974,Thriller,230
1974,War,91
1974,Western,61
1975,Action,287
1975,Adventure,190
1975,Animation,300
1975,Comedy,773
1975,Crime,276
1975,Documentary,640
1975,Drama,1434
1975,Family,179
1975,Fantasy,101
1975,History,122
1975,Horror,205
1975,Music,152
1975,Mystery,116
1975,Romance,239
1975,Science Fiction,75
1975,TV Movie,300
1975,Thriller,179
1975,War,94
1975,Western,67
1976,Action,321
1976,Adventure,179
1976,Animation,252
1976,Comedy,774
1976,Crime,278
1976,Documentary,589
1976,Drama,1427
1976,Family,209
1976,Fantasy,102
1976,History,95
1976,Horror,189
1976,Music,177
1976,Mystery,81
1976,Romance,249
1976,Science Fiction,68
1976,TV Movie,298
1976,Thriller,184
1976,War,94
1976,Western,48
1977,Action,348
1977,Adventure,182
1977,Animation,274
1977,Comedy,701
1977,Crime,253
1977,Documentary,542
1977,Drama,1474
1977,Family,215
1977,Fantasy,108
1977,History,109
1977,Horror,184
1977,Music,190
1977,Mystery,76
1977,Romance,218
1977,Science Fiction,92
1977,TV Movie,314
1977,Thriller,192
1977,War,85
1977,Western,31
1978,Action,334
1978,Adventure,209
1978,Animation,356
1978,Comedy,742
1978,Crime,217
1978,Documentary,628
1978,Drama,1625
1978,Family,234
1978,Fantasy,138
1978,History,107
1978,Horror,177
1978,Music,224
1978,Mystery,95
1978,Romance,266
1978,Science Fiction,99
1978,TV Movie,380
1978,Thriller,181
1978,War,74
1978,Western,45
1979,Action,362
1979,Adventure,201
1979,Animation,345
1979,Comedy,832
1979,Crime,229
1979,Documentary,582
1979,Drama,1637
1979,Family,254
1979,Fantasy,136
1979,History,109
1979,Horror,183
1979,Music,228
1979,Mystery,92
1979,Romance,255
1979,Science Fiction,110
1979,TV Movie,406
1979,Thriller,156
1979,War,95
1979,Western,31
1980,Action,344
1980,Adventure,179
1980,Animation,342
1980,Comedy,811
1980,Crime,226
1980,Documentary,566
1980,Drama,1624
1980,Family,206
1980,Fantasy,123
1980,History,99
1980,Horror,228
1980,Music,244
1980,Mystery,106
1980,Romance,267
1980,Science Fiction,119
1980,TV Movie,428
1980,Thriller,190
1980,War,83
1980,Western,21
1981,Action,305
1981,Adventure,167
1981,Animation,335
1981,Comedy,814
1981,Crime,222
1981,Documentary,583
1981,Drama,1637
1981,Family,233
1981,Fantasy,136
1981,History,137
1981,Horror,262
1981,Music,222
1981,Mystery,112
1981,Romance,269
1981,Science Fiction,95
1981,TV Movie,395
1981,Thriller,187
1981,War,102
1981,Western,27
1982,Action,340
1982,Adventure,192
1982,Animation,335
1982,Comedy,882
1982,Crime,216
1982,Documentary,576
1982,Drama,1672
1982,Family,271
1982,Fantasy,165
1982,History,103
1982,Horror,255
1982,Music,243
1982,Mystery,102
1982,Romance,303
1982,Science Fiction,122
1982,TV Movie,354
1982,Thriller,195
1982,War,86
1982,Western,20
1983,Action,358
1983,Adventure,171
1983,Animation,374
1983,Comedy,822
1983,Crime,227
1983,Documentary,649
1983,Drama,1720
1983,Family,239
1983,Fantasy,194
1983,History,127
1983,Horror,210
1983,Music,252
1983,Mystery,110
1983,Romance,289
1983,Science Fiction,133
1983,TV Movie,393
1983,Thriller,191
1983,War,91
1983,Western,17
1984,Action,346
1984,Adventure,185
1984,Animation,384
1984,Comedy,856
1984,Crime,242
1984,Documentary,601
1984,Drama,1755
1984,Family,263
1984,Fantasy,176
1984,History,128
1984,Horror,196
1984,Music,265
1984,Mystery,106
1984,Romance,329
1984,Science Fiction,155
1984,TV Movie,348
1984,Thriller,223
1984,War,97
1984,Western,17
1985,Action,399
1985,Adventure,193
1985,Animation,406
1985,Comedy,910
1985,Crime,267
1985,Documentary,621
1985,Drama,1646
1985,Family,268
1985,Fantasy,182
1985,History,97
1985,Horror,247
1985,Music,293
1985,Mystery,90
1985,Romance,324
1985,Science Fiction,155
1985,TV Movie,333
1985,Thriller,209
1985,War,102
1985,Western,24
1986,Action,447
1986,Adventure,225
1986,Animation,449
1986,Comedy,981
1986,Crime,276
1986,Documentary,620
1986,Drama,1759
1986,Family,282
1986,Fantasy,174
1986,History,112
1986,Horror,275
1986,Music,257
1986,Mystery,109
1986,Romance,299
1986,Science Fiction,182
1986,TV Movie,396
1986,Thriller,244
1986,War,108
1986,Western,26
1987,Action,481
1987,Adventure,231
1987,Animation,475
1987,Comedy,1048
1987,Crime,283
1987,Documentary,695
1987,Drama,1787
1987,Family,293
1987,Fantasy,222
1987,History,121
1987,Horror,365
1987,Music,271
1987,Mystery,117
1987,Romance,356
1987,Science Fiction,195
1987,TV Movie,384
1987,Thriller,272
1987,War,91
1987,Western,20
1988,Action,528
1988,Adventure,208
1988,Animation,473
1988,Comedy,1066
1988,Crime,323
1988,Documentary,727
1988,Drama,1729
1988,Family,296
1988,Fantasy,226
1988,History,104
1988,Horror,457
1988,Music,225
1988,Mystery,126
1988,Romance,329
1988,Science Fiction,194
1988,TV Movie,382
1988,Thriller,324
1988,War,109
1988,Western,26
1989,Action,557
1989,Adventure,187
1989,Animation,482
1989,Comedy,1066
1989,Crime,352
1989,Documentary,891
1989,Drama,1808
1989,Family,269
1989,Fantasy,214
1989,History,149
1989,Horror,473
1989,Music,260
1989,Mystery,129
1989,Romance,326
1989,Science Fiction,221
1989,TV Movie,422
1989,Thriller,376
1989,War,112
1989,Western,15
1990,Action,576
1990,Adventure,166
1990,Animation,462
1990,Comedy,1016
1990,Crime,356
1990,Documentary,845
1990,Drama,1647
1990,Family,268
1990,Fantasy,214
1990,History,113
1990,Horror,392
1990,Music,322
1990,Mystery,95
1990,Romance,319
1990,Science Fiction,157
1990,TV Movie,391
1990,Thriller,313
1990,War,74
1990,Western,20
1991,Action,540
1991,Adventure,193
1991,Animation,504
1991,Comedy,992
1991,Crime,342
1991,Documentary,877
1991,Drama,1628
1991,Family,246
1991,Fantasy,204
1991,History,131
1991,Horror,375
1991,Music,332
1991,Mystery,117
1991,Romance,324
1991,Science Fiction,152
1991,TV Movie,391
1991,Thriller,329
1991,War,68
1991,Western,25
1992,Action,519
1992,Adventure,165
1992,Animation,530
1992,Comedy,1061
1992,Crime,351
1992,Documentary,833
1992,Drama,1627
1992,Family,245
1992,Fantasy,187
1992,History,115
1992,Horror,334
1992,Music,307
1992,Mystery,134
1992,Romance,370
1992,Science Fiction,143
1992,TV Movie,392
1992,Thriller,366
1992,War,62
1992,Western,23
1993,Action,544
1993,Adventure,158
1993,Animation,444
1993,Comedy,989
1993,Crime,373
1993,Documentary,882
1993,Drama,1698
1993,Family,266
1993,Fantasy,166
1993,History,122
1993,Horror,296
1993,Music,303
1993,Mystery,127
1993,Romance,404
1993,Science Fiction,147
1993,TV Movie,384
1993,Thriller,402
1993,War,70
1993,Western,23
1994,Action,512
1994,Adventure,177
1994,Animation,473
1994,Comedy,999
1994,Crime,351
1994,Documentary,975
1994,Drama,1693
1994,Family,289
1994,Fantasy,212
1994,History,142
1994,Horror,279
1994,Music,250
1994,Mystery,128
1994,Romance,360
1994,Science Fiction,164
1994,TV Movie,423
1994,Thriller,390
1994,War,61
1994,Western,42
1995,Action,517
1995,Adventure,184
1995,Animation,463
1995,Comedy,1041
1995,Crime,331
1995,Documentary,967
1995,Drama,1760
1995,Family,294
1995,Fantasy,180
1995,History,127
1995,Horror,307
1995,Music,315
1995,Mystery,125
1995,Romance,432
1995,Science Fiction,186
1995,TV Movie,393
1995,Thriller,445
1995,War,79
1995,Western,44
1996,Action,539
1996,Adventure,192
1996,Animation,447
1996,Comedy,1038
1996,Crime,372
1996,Documentary,926
1996,Drama,1798
1996,Family,283
1996,Fantasy,191
1996,History,106
1996,Horror,325
1996,Music,278
1996,Mystery,117
1996,Romance,415
1996,Science Fiction,219
1996,TV Movie,438
1996,Thriller,448
1996,War,57
1996,Western,20
1997,Action,464
1997,Adventure,204
1997,Animation,470
1997,Comedy,1172
1997,Crime,347
1997,Documentary,1122
1997,Drama,1815
1997,Family,298
1997,Fantasy,185
1997,History,147
1997,Horror,320
1997,Music,338
1997,Mystery,118
1997,Romance,469
1997,Science Fiction,196
1997,TV Movie,375
1997,Thriller,440
1997,War,58
1997,Western,17
1998,Action,486
1998,Adventure,199
1998,Animation,464
1998,Comedy,1165
1998,Crime,381
1998,Documentary,1084
1998,Drama,1828
1998,Family,302
1998,Fantasy,208
1998,History,126
1998,Horror,331
1998,Music,341
1998,Mystery,143
1998,Romance,490
1998,Science Fiction,200
1998,TV Movie,404
1998,Thriller,451
1998,War,71
1998,Western,17
1999,Action,469
1999,Adventure,187
1999,Animation,508
1999,Comedy,1300
1999,Crime,369
1999,Documentary,1211
1999,Drama,1887
1999,Family,299
1999,Fantasy,203
1999,History,126
1999,Horror,413
1999,Music,356
1999,Mystery,137
1999,Romance,555
1999,Science Fiction,194
1999,TV Movie,400
1999,Thriller,462
1999,War,62
1999,Western,32
2000,Action,461
2000,Adventure,196
2000,Animation,531
2000,Comedy,1280
2000,Crime,363
2000,Documentary,1261
2000,Drama,1988
2000,Family,306
2000,Fantasy,198
2000,History,124
2000,Horror,429
2000,Music,396
2000,Mystery,165
2000,Romance,548
2000,Science Fiction,171
2000,TV Movie,382
2000,Thriller,478
2000,War,67
2000,Western,22
2001,Action,547
2001,Adventure,180
2001,Animation,532
2001,Comedy,1348
2001,Crime,403
2001,Documentary,1503
2001,Drama,2076
2001,Family,306
2001,Fantasy,194
2001,History,137
2001,Horror,427
2001,Music,549
2001,Mystery,169
2001,Romance,616
2001,Science Fiction,198
2001,TV Movie,356
2001,Thriller,484
2001,War,93
2001,Western,15
2002,Action,524
2002,Adventure,197
2002,Animation,563
2002,Comedy,1434
2002,Crime,404
2002,Documentary,1737
2002,Drama,2197
2002,Family,338
2002,Fantasy,216
2002,History,160
2002,Horror,496
2002,Music,617
2002,Mystery,197
2002,Romance,628
2002,Science Fiction,183
2002,TV Movie,368
2002,Thriller,512
2002,War,82
2002,Western,24
2003,Action,578
2003,Adventure,238
2003,Animation,649
2003,Comedy,1624
2003,Crime,402
2003,Documentary,1917
2003,Drama,2343
2003,Family,384
2003,Fantasy,195
2003,History,194
2003,Horror,556
2003,Music,796
2003,Mystery,170
2003,Romance,656
2003,Science Fiction,232
2003,TV Movie,385
2003,Thriller,482
2003,War,92
2003,Western,26
2004,Action,543
2004,Adventure,225
2004,Animation,693
2004,Comedy,1699
2004,Crime,363
2004,Documentary,2231
2004,Drama,2419
2004,Family,405
2004,Fantasy,234
2004,History,193
2004,Horror,681
2004,Music,967
2004,Mystery,205
2004,Romance,655
2004,Science Fiction,211
2004,TV Movie,354
2004,Thriller,478
2004,War,104
2004,Western,19
2005,Action,577
2005,Adventure,247
2005,Animation,766
2005,Comedy,1802
2005,Crime,376
2005,Documentary,2492
2005,Drama,2756
2005,Family,461
2005,Fantasy,246
2005,History,225
2005,Horror,753
2005,Music,1042
2005,Mystery,233
2005,Romance,746
2005,Science Fiction,245
2005,TV Movie,404
2005,Thriller,582
2005,War,112
2005,Western,28
2006,Action,583
2006,Adventure,289
2006,Animation,873
2006,Comedy,1944
2006,Crime,422
2006,Documentary,2879
2006,Drama,3018
2006,Family,474
2006,Fantasy,284
2006,History,244
2006,Horror,916
2006,Music,1064
2006,Mystery,275
2006,Romance,757
2006,Science Fiction,266
2006,TV Movie,430
2006,Thriller,710
2006,War,124
2006,Western,21
2007,Action,677
2007,Adventure,294
2007,Animation,866
2007,Comedy,2099
2007,Crime,440
2007,Documentary,3013
2007,Drama,3191
2007,Family,496
2007,Fantasy,276
2007,History,262
2007,Horror,924
2007,Music,1046
2007,Mystery,299
2007,Romance,782
2007,Science Fiction,285
2007,TV Movie,423
2007,Thriller,758
2007,War,116
2007,Western,27
2008,Action,769
2008,Adventure,371
2008,Animation,911
2008,Comedy,2281
2008,Crime,473
2008,Documentary,3207
2008,Drama,3499
2008,Family,519
2008,Fantasy,298
2008,History,264
2008,Horror,948
2008,Music,1102
2008,Mystery,300
2008,Romance,917
2008,Science Fiction,313
2008,TV Movie,428
2008,Thriller,805
2008,War,137
2008,Western,34
2009,Action,767
2009,Adventure,390
2009,Animation,957
2009,Comedy,2416
2009,Crime,466
2009,Documentary,3456
2009,Drama,3734
2009,Family,535
2009,Fantasy,362
2009,History,311
2009,Horror,1022
2009,Music,1078
2009,Mystery,308
2009,Romance,927
2009,Science Fiction,372
2009,TV Movie,423
2009,Thriller,931
2009,War,133
2009,Western,44
2010,Action,850
2010,Adventure,352
2010,Animation,1066
2010,Comedy,2540
2010,Crime,465
2010,Documentary,3493
2010,Drama,3877
2010,Family,540
2010,Fantasy,384
2010,History,323
2010,Horror,1034
2010,Music,1011
2010,Mystery,347
2010,Romance,983
2010,Science Fiction,401
2010,TV Movie,384
2010,Thriller,883
2010,War,167
2010,Western,38
2011,Action,871
2011,Adventure,410
2011,Animation,1143
2011,Comedy,2705
2011,Crime,523
2011,Documentary,3822
2011,Drama,4316
2011,Family,665
2011,Fantasy,439
2011,History,356
2011,Horror,1173
2011,Music,1207
2011,Mystery,372
2011,Romance,1021
2011,Science Fiction,414
2011,TV Movie,432
2011,Thriller,943
2011,War,171
2011,Western,42
2012,Action,831
2012,Adventure,425
2012,Animation,1194
2012,Comedy,2961
2012,Crime,587
2012,Documentary,4305
2012,Drama,4584
2012,Family,619
2012,Fantasy,450
2012,History,381
2012,Horror,1346
2012,Music,1208
2012,Mystery,408
2012,Romance,1101
2012,Science Fiction,494
2012,TV Movie,428
2012,Thriller,996
2012,War,180
2012,Western,47
2013,Action,945
2013,Adventure,530
2013,Animation,1385
2013,Comedy,3317
2013,Crime,658
2013,Documentary,4631
2013,Drama,5309
2013,Family,694
2013,Fantasy,530
2013,History,408
2013,Horror,1467
2013,Music,1253
2013,Mystery,478
2013,Romance,1218
2013,Science Fiction,580
2013,TV Movie,430
2013,Thriller,1197
2013,War,168
2013,Western,42
2014,Action,953
2014,Adventure,594
2014,Animation,1420
2014,Comedy,3584
2014,Crime,692
2014,Documentary,5146
2014,Drama,5710
2014,Family,758
2014,Fantasy,558
2014,History,484
2014,Horror,1719
2014,Music,1250
2014,Mystery,580
2014,Romance,1330
2014,Science Fiction,641
2014,TV Movie,499
2014,Thriller,1261
2014,War,230
2014,Western,49
2015,Action,1063
2015,Adventure,574
2015,Animation,1483
2015,Comedy,3804
2015,Crime,795
2015,Documentary,5613
2015,Drama,6339
2015,Family,741
2015,Fantasy,641
2015,History,507
2015,Horror,1879
2015,Music,1307
2015,Mystery,653
2015,Romance,1462
2015,Science Fiction,703
2015,TV Movie,555
2015,Thriller,1478
2015,War,208
2015,Western,66
2016,Action,1147
2016,Adventure,613
2016,Animation,1552
2016,Comedy,4018
2016,Crime,886
2016,Documentary,5752
2016,Drama,6805
2016,Family,724
2016,Fantasy,675
2016,History,478
2016,Horror,1992
2016,Music,1230
2016,Mystery,702
2016,Romance,1585
2016,Science Fiction,790
2016,TV Movie,627
2016,Thriller,1685
2016,War,237
2016,Western,74
2017,Action,1222
2017,Adventure,625
2017,Animation,1864
2017,Comedy,4341
2017,Crime,1022
2017,Documentary,6747
2017,Drama,7643
2017,Family,847
2017,Fantasy,796
2017,History,565
2017,Horror,2244
2017,Music,1375
2017,Mystery,796
2017,Romance,1748
2017,Science Fiction,857
2017,TV Movie,666
2017,Thriller,1825
2017,War,239
2017,Western,97
2018,Action,1280
2018,Adventure,665
2018,Animation,1847
2018,Comedy,4518
2018,Crime,1072
2018,Documentary,7247
2018,Drama,8376
2018,Family,840
2018,Fantasy,896
2018,History,596
2018,Horror,2382
2018,Music,1367
2018,Mystery,884
2018,Romance,1833
2018,Science Fiction,876
2018,TV Movie,687
2018,Thriller,1928
2018,War,237
2018,Western,97
2019,Action,1360
2019,Adventure,660
2019,Animation,2231
2019,Comedy,4835
2019,Crime,1200
2019,Documentary,8443
2019,Drama,8942
2019,Family,886
2019,Fantasy,909
2019,History,693
2019,Horror,2532
2019,Music,1537
2019,Mystery,925
2019,Romance,1869
2019,Science Fiction,930
2019,TV Movie,796
2019,Thriller,1965
2019,War,265
2019,Western,107
2020,Action,1112
2020,Adventure,530
2020,Animation,2670
2020,Comedy,4478
2020,Crime,1003
2020,Documentary,8994
2020,Drama,8394
2020,Family,801
2020,Fantasy,961
2020,History,565
2020,Horror,2758
2020,Music,1607
2020,Mystery,885
2020,Romance,1769
2020,Science Fiction,1010
2020,TV Movie,724
2020,Thriller,1889
2020,War,223
2020,Western,96
2021,Action,1260
2021,Adventure,634
2021,Animation,3058
2021,Comedy,4873
2021,Crime,1338
2021,Documentary,9385
2021,Drama,9809
2021,Family,932
2021,Fantasy,1071
2021,History,674
2021,Horror,2808
2021,Music,1767
2021,Mystery,1221
2021,Romance,1837
2021,Science Fiction,1140
2021,TV Movie,994
2021,Thriller,2301
2021,War,237
2021,Western,129
2022,Action,1451
2022,Adventure,749
2022,Animation,2603
2022,Comedy,6019
2022,Crime,1409
2022,Documentary,9250
2022,Drama,10909
2022,Family,999
2022,Fantasy,1191
2022,History,686
2022,Horror,3272
2022,Music,1797
2022,Mystery,1372
2022,Romance,2070
2022,Science Fiction,1121
2022,TV Movie,980
2022,Thriller,2767
2022,War,242
2022,Western,115
2023,Action,1679
2023,Adventure,855
2023,Animation,2789
2023,Comedy,6790
2023,Crime,1614
2023,Documentary,9697
2023,Drama,12181
2023,Family,1178
2023,Fantasy,1213
2023,History,663
2023,Horror,3652
2023,Music,2004
2023,Mystery,1530
2023,Romance,2342
2023,Science Fiction,1252
2023,TV Movie,967
2023,Thriller,3177
2023,War,261
2023,Western,155
2024,Action,881
2024,Adventure,461
2024,Animation,1218
2024,Comedy,3140
2024,Crime,775
2024,Documentary,3890
2024,Drama,5427
2024,Family,502
2024,Fantasy,637
2024,History,329
2024,Horror,1690
2024,Music,766
2024,Mystery,734
2024,Romance,1049
2024,Science Fiction,591
2024,TV Movie,346
2024,Thriller,1685
2024,War,128
2024,Western,71
